Datetime,Water Level (m)
2025-04-14 06:00:00,-0.3688554
2025-04-14 07:00:00,-0.36544612
2025-04-14 08:00:00,-0.21963587
2025-04-14 09:00:00,0.038960997
2025-04-14 10:00:00,0.2704124
2025-04-14 11:00:00,0.44816813
2025-04-14 12:00:00,0.52107173
2025-04-14 13:00:00,0.48118216
2025-04-14 14:00:00,0.36746868
2025-04-14 15:00:00,0.22822762
2025-04-14 16:00:00,0.0721351
2025-04-14 17:00:00,-0.08961102
2025-04-14 18:00:00,-0.23316133
2025-04-14 19:00:00,-0.2653842
2025-04-14 20:00:00,-0.17052077
2025-04-14 21:00:00,0.03924958
2025-04-14 22:00:00,0.24538016
2025-04-14 23:00:00,0.37248793
2025-04-15 00:00:00,0.40843076
2025-04-15 01:00:00,0.355163
2025-04-15 02:00:00,0.23380406
2025-04-15 03:00:00,0.09578549
2025-04-15 04:00:00,-0.0511723
2025-04-15 05:00:00,-0.20691414
2025-04-15 06:00:00,-0.34758613
2025-04-15 07:00:00,-0.39528883
2025-04-15 08:00:00,-0.31019777
2025-04-15 09:00:00,-0.087021105
2025-04-15 10:00:00,0.16565529
2025-04-15 11:00:00,0.37893623
2025-04-15 12:00:00,0.5139695
2025-04-15 13:00:00,0.53598535
2025-04-15 14:00:00,0.45554483
2025-04-15 15:00:00,0.32364228
2025-04-15 16:00:00,0.17707373
2025-04-15 17:00:00,0.01863326
2025-04-15 18:00:00,-0.1395897
2025-04-15 19:00:00,-0.23485284
2025-04-15 20:00:00,-0.19976123
2025-04-15 21:00:00,-0.046132665
2025-04-15 22:00:00,0.14820041
2025-04-15 23:00:00,0.3087388
2025-04-16 00:00:00,0.38245836
2025-04-16 01:00:00,0.37097812
2025-04-16 02:00:00,0.27989468
2025-04-16 03:00:00,0.15381782
2025-04-16 04:00:00,0.016812513
2025-04-16 05:00:00,-0.13196352
2025-04-16 06:00:00,-0.2764315
2025-04-16 07:00:00,-0.37419084
2025-04-16 08:00:00,-0.33498383
2025-04-16 09:00:00,-0.16520712
2025-04-16 10:00:00,0.07370415
2025-04-16 11:00:00,0.2982799
2025-04-16 12:00:00,0.46538824
2025-04-16 13:00:00,0.5409143
2025-04-16 14:00:00,0.5074056
2025-04-16 15:00:00,0.39761776
2025-04-16 16:00:00,0.26455128
2025-04-16 17:00:00,0.115635194
2025-04-16 18:00:00,-0.044224516
2025-04-16 19:00:00,-0.17680818
2025-04-16 20:00:00,-0.19903241
2025-04-16 21:00:00,-0.11542456
2025-04-16 22:00:00,0.056060668
2025-04-16 23:00:00,0.22229256
2025-04-17 00:00:00,0.3277725
2025-04-17 01:00:00,0.35277113
2025-04-17 02:00:00,0.3015671
2025-04-17 03:00:00,0.18846539
2025-04-17 04:00:00,0.061867587
2025-04-17 05:00:00,-0.073798016
2025-04-17 06:00:00,-0.21572165
2025-04-17 07:00:00,-0.33236396
2025-04-17 08:00:00,-0.33768615
2025-04-17 09:00:00,-0.21963306
2025-04-17 10:00:00,0.0013033062
2025-04-17 11:00:00,0.21813557
2025-04-17 12:00:00,0.40611517
2025-04-17 13:00:00,0.5346229
2025-04-17 14:00:00,0.55786735
2025-04-17 15:00:00,0.48394087
2025-04-17 16:00:00,0.35916615
2025-04-17 17:00:00,0.2180929
2025-04-17 18:00:00,0.06387878
2025-04-17 19:00:00,-0.08150749
2025-04-17 20:00:00,-0.1562785
2025-04-17 21:00:00,-0.13057682
2025-04-17 22:00:00,-0.014214282
2025-04-17 23:00:00,0.12472995
2025-04-18 00:00:00,0.24116582
2025-04-18 01:00:00,0.29037458
2025-04-18 02:00:00,0.27419358
2025-04-18 03:00:00,0.19443852
2025-04-18 04:00:00,0.08742506
2025-04-18 05:00:00,-0.031567354
2025-04-18 06:00:00,-0.15793489
2025-04-18 07:00:00,-0.27580607
2025-04-18 08:00:00,-0.32797095
2025-04-18 09:00:00,-0.2680342
2025-04-18 10:00:00,-0.09928323
2025-04-18 11:00:00,0.09477066
2025-04-18 12:00:00,0.2840667
2025-04-18 13:00:00,0.43148857
2025-04-18 14:00:00,0.5119801
2025-04-18 15:00:00,0.4901818
2025-04-18 16:00:00,0.39467666
2025-04-18 17:00:00,0.2743164
2025-04-18 18:00:00,0.13610433
2025-04-18 19:00:00,-0.0050949473
2025-04-18 20:00:00,-0.11675439
2025-04-18 21:00:00,-0.13764834
2025-04-18 22:00:00,-0.07588242
2025-04-18 23:00:00,0.029071081
2025-04-19 00:00:00,0.12703507
2025-04-19 01:00:00,0.2085825
2025-04-19 02:00:00,0.24348716
2025-04-19 03:00:00,0.21043883
2025-04-19 04:00:00,0.12901808
2025-04-19 05:00:00,0.029804675
2025-04-19 06:00:00,-0.08364097
2025-04-19 07:00:00,-0.20288217
2025-04-19 08:00:00,-0.30006224
2025-04-19 09:00:00,-0.30737615
2025-04-19 10:00:00,-0.20842187
2025-04-19 11:00:00,-0.02701587
2025-04-19 12:00:00,0.14617488
2025-04-19 13:00:00,0.30802178
2025-04-19 14:00:00,0.43100965
2025-04-19 15:00:00,0.4717608
2025-04-19 16:00:00,0.43136576
2025-04-19 17:00:00,0.33607504
2025-04-19 18:00:00,0.22589752
2025-04-19 19:00:00,0.10703533
2025-04-19 20:00:00,-0.008960236
2025-04-19 21:00:00,-0.08753045
2025-04-19 22:00:00,-0.079511404
2025-04-19 23:00:00,-0.014249192
2025-04-20 00:00:00,0.07371318
2025-04-20 01:00:00,0.15206799
2025-04-20 02:00:00,0.2072902
2025-04-20 03:00:00,0.22378497
2025-04-20 04:00:00,0.18865222
2025-04-20 05:00:00,0.11580709
2025-04-20 06:00:00,0.026787825
